sandstorm_budget,initial_water,initial_food,robust_score,baseline_failure_rate,baseline_mean_penalized_value,baseline_p05,adverse_failure_rate,adverse_mean_penalized_value,adverse_p05
4,240,240,9785.5375,0.003,10549.77,8915.0,0.008,9945.5375,8650.0
4,230,240,9763.825,0.003,10496.005,8865.0,0.005,9863.825,8600.0
4,230,250,9736.855,0.002,10592.6125,8820.0,0.006,9856.855,8550.0
3,230,240,9709.705,0.006,10880.755,8905.0,0.019,10089.705,8670.0
3,240,240,9649.7275,0.005,10932.2975,9637.5,0.024,10129.7275,8645.0
3,220,240,9632.37,0.005,10624.61,8855.0,0.011,9852.37,8047.5
5,240,240,9616.485,0.001,10151.85,8810.0,0.001,9636.485,8580.0
3,220,250,9588.6425,0.005,10589.5375,8805.0,0.011,9808.6425,7997.5
3,220,230,9565.09,0.006,10527.635,8900.0,0.013,9825.09,8097.5
3,230,230,9557.4225,0.007,10573.155,8950.0,0.017,9897.4225,8702.5
3,230,250,9539.9875,0.007,10963.82,8855.0,0.025,10039.9875,8600.0
3,220,260,9539.1925,0.005,10539.7875,8755.0,0.011,9759.1925,7947.5
3,240,230,9532.8475,0.007,10548.33,8925.0,0.017,9872.8475,8677.5
5,230,250,9500.5375,0.001,10162.81,8745.0,0.001,9520.5375,7972.5
5,230,240,9495.02,0.001,10067.5875,8795.0,0.0,9515.02,8022.5
3,220,270,9489.7425,0.005,10490.0375,8705.0,0.011,9709.7425,7897.5
4,230,230,9469.6475,0.002,10217.2925,8880.0,0.008,9629.6475,8627.5
4,240,230,9444.8475,0.002,10192.3425,8855.0,0.008,9604.8475,8602.5
4,220,240,9442.8025,0.003,10214.82,8785.0,0.005,9542.8025,7972.5
4,220,250,9398.625,0.003,10187.1575,8735.0,0.005,9498.625,7922.5
4,220,230,9394.8575,0.002,10132.02,8865.0,0.006,9514.8575,8022.5
4,220,260,9348.875,0.003,10137.3075,8685.0,0.005,9448.875,7872.5
4,220,270,9299.125,0.003,10087.4575,8635.0,0.005,9399.125,7822.5
3,220,220,9288.5225,0.001,10293.4425,8955.0,0.016,9608.5225,8072.5
3,230,220,9263.9225,0.001,10268.4675,8930.0,0.016,9583.9225,8047.5
3,240,220,9239.3225,0.001,10243.4925,8905.0,0.016,9559.3225,8022.5
6,240,240,9224.54,0.0,9742.885,8077.5,0.0,9224.54,7900.0
3,210,220,9217.9975,0.002,10202.1175,8940.0,0.014,9497.9975,8022.5
3,250,220,9214.7225,0.001,10218.5175,8880.0,0.016,9534.7225,7997.5
5,230,230,9207.2025,0.0,9817.885,8152.5,0.003,9267.2025,7927.5
4,220,220,9186.725,0.001,9882.29,8227.5,0.006,9306.725,7997.5
5,240,230,9182.2775,0.0,9792.885,8127.5,0.003,9242.2775,7902.5
3,210,230,9170.5125,0.004,10269.345,8855.0,0.016,9490.5125,7972.5
4,230,220,9161.875,0.001,9857.315,8202.5,0.006,9281.875,7972.5
4,240,220,9137.025,0.001,9832.34,8177.5,0.006,9257.025,7947.5
3,210,240,9126.885,0.004,10241.8125,8805.0,0.016,9446.885,7922.5
4,250,220,9112.175,0.001,9807.365,8152.5,0.006,9232.175,7922.5
6,230,240,9079.3175,0.0,9630.7675,8027.5,0.0,9079.3175,7722.5
3,210,250,9077.685,0.004,10192.0125,8755.0,0.016,9397.685,7872.5
5,220,240,9069.8375,0.0,9735.945,8052.5,0.002,9109.8375,7747.5
5,220,230,9061.905,0.0,9705.7675,8102.5,0.003,9121.905,7797.5
6,230,250,9055.54,0.0,9660.945,7977.5,0.0,9055.54,7672.5
4,210,220,9044.715,0.001,9771.065,8177.5,0.006,9164.715,7837.5
3,210,260,9028.485,0.004,10142.2125,8705.0,0.016,9348.485,7822.5
5,220,250,9020.775,0.0,9690.2925,8002.5,0.002,9060.775,7697.5
4,210,230,8990.44,0.001,9801.2925,8127.5,0.007,9130.44,7747.5
3,210,270,8979.285,0.004,10092.4125,8655.0,0.016,9299.285,7772.5
5,220,260,8970.875,0.0,9640.2925,7952.5,0.002,9010.875,7647.5
4,210,240,8941.6275,0.001,9755.69,8077.5,0.007,9081.6275,7697.5
3,210,280,8930.085,0.004,10042.6125,8605.0,0.016,9250.085,7722.5
3,210,210,8921.8025,0.004,9921.2425,8280.0,0.017,9261.8025,8067.5
5,220,270,8920.975,0.0,9590.2925,7902.5,0.002,8960.975,7597.5
5,220,220,8898.9175,0.001,9438.43,8147.5,0.001,8918.9175,7847.5
3,220,210,8897.2275,0.004,9896.3425,8255.0,0.017,9237.2275,8042.5
4,210,250,8891.9775,0.001,9705.74,8027.5,0.007,9031.9775,7647.5
4,210,210,8882.2775,0.001,9513.355,8222.5,0.004,8962.2775,7900.0
5,230,220,8873.9425,0.001,9413.455,8122.5,0.001,8893.9425,7822.5
3,230,210,8872.6525,0.004,9871.4425,8230.0,0.017,9212.6525,8017.5
4,220,210,8857.3775,0.001,9488.38,8197.5,0.004,8937.3775,7875.0
5,240,220,8848.9675,0.001,9388.48,8097.5,0.001,8868.9675,7797.5
3,240,210,8848.0775,0.004,9846.5425,8205.0,0.017,9188.0775,7992.5
5,210,220,8847.215,0.001,9383.0725,8150.0,0.001,8867.215,7797.5
4,210,260,8842.3275,0.001,9655.79,7977.5,0.007,8982.3275,7597.5
4,230,210,8832.4775,0.001,9463.405,8172.5,0.004,8912.4775,7850.0
6,230,230,8825.415,0.0,9373.095,8072.5,0.001,8845.415,7772.5
5,250,220,8823.9925,0.001,9363.505,8072.5,0.001,8843.9925,7772.5
3,250,210,8823.5025,0.004,9821.6425,8180.0,0.017,9163.5025,7967.5
4,240,210,8807.5775,0.001,9438.43,8147.5,0.004,8887.5775,7825.0
6,240,230,8800.44,0.0,9348.095,8047.5,0.001,8820.44,7747.5
3,260,210,8798.9275,0.004,9796.7425,8155.0,0.017,9138.9275,7942.5
4,210,270,8792.6775,0.001,9605.84,7927.5,0.007,8932.6775,7547.5
4,250,210,8782.6775,0.001,9413.455,8122.5,0.004,8862.6775,7800.0
7,240,240,8779.9425,0.0,9298.095,7997.5,0.0,8779.9425,7697.5
3,200,210,8779.645,0.003,9818.7675,8247.5,0.017,9119.645,7375.0
5,210,230,8775.0575,0.001,9374.33,8100.0,0.002,8815.0575,7747.5
6,220,230,8773.7125,0.0,9317.7625,8080.0,0.001,8793.7125,7722.5
4,200,210,8772.0575,0.001,9457.9975,8225.0,0.006,8892.0575,7450.0
4,260,210,8757.7775,0.001,9388.48,8097.5,0.004,8837.7775,7775.0
3,200,220,8756.7175,0.003,9851.915,8197.5,0.017,9096.7175,7325.0
4,210,280,8743.0275,0.001,9555.89,7877.5,0.007,8883.0275,7497.5
6,220,240,8733.19,0.0,9308.97,8030.0,0.001,8753.19,7672.5
4,200,220,8730.9475,0.001,9449.255,8175.0,0.006,8850.9475,7400.0
7,230,240,8728.265,0.0,9242.7625,8005.0,0.0,8728.265,7652.5
5,210,240,8725.1575,0.001,9326.06,8050.0,0.002,8765.1575,7697.5
3,200,230,8708.405,0.003,9806.3325,8147.5,0.017,9048.405,7275.0
7,230,250,8687.6925,0.0,9233.97,7955.0,0.0,8687.6925,7602.5
6,220,250,8683.24,0.0,9260.65,7980.0,0.001,8703.24,7622.5
4,200,230,8681.2475,0.001,9400.985,8125.0,0.006,8801.2475,7350.0
5,210,250,8675.2575,0.001,9276.11,8000.0,0.002,8715.2575,7647.5
3,200,240,8659.255,0.003,9756.4825,8097.5,0.017,8999.255,7225.0
6,220,260,8633.29,0.0,9210.65,7930.0,0.001,8653.29,7572.5
4,200,240,8631.5475,0.001,9351.035,8075.0,0.006,8751.5475,7300.0
5,210,260,8625.3575,0.001,9226.16,7950.0,0.002,8665.3575,7597.5
3,200,250,8610.105,0.003,9706.6325,8047.5,0.017,8950.105,7175.0
6,220,270,8583.34,0.0,9160.65,7880.0,0.001,8603.34,7522.5
4,200,250,8581.8475,0.001,9301.085,8025.0,0.006,8701.8475,7250.0
5,210,270,8575.4575,0.001,9176.21,7900.0,0.002,8615.4575,7547.5
3,200,260,8560.955,0.003,9656.7825,7997.5,0.017,8900.955,7125.0
3,190,200,8541.58,0.005,9493.2275,8292.5,0.016,8861.58,7370.0
4,200,260,8532.1475,0.001,9251.135,7975.0,0.006,8652.1475,7200.0
5,210,280,8525.5575,0.001,9126.26,7850.0,0.002,8565.5575,7497.5
5,210,210,8519.06,0.0,9036.405,7505.0,0.001,8539.06,7275.0
3,200,270,8511.805,0.003,9606.9325,7947.5,0.017,8851.805,7075.0
3,200,200,8509.53,0.005,9547.8875,8275.0,0.019,8889.53,7350.0
5,200,210,8500.415,0.0,9048.1,7455.0,0.001,8520.415,7295.0
5,220,210,8494.085,0.0,9011.405,7480.0,0.001,8514.085,7250.0
3,210,200,8485.005,0.005,9523.0125,8250.0,0.019,8865.005,7325.0
4,200,270,8482.4475,0.001,9201.185,7925.0,0.006,8602.4475,7150.0
6,220,220,8472.8875,0.0,8961.405,7430.0,0.0,8472.8875,7200.0
3,190,210,8470.8725,0.005,9482.0,8242.5,0.017,8810.8725,7320.0
5,230,210,8469.11,0.0,8986.405,7455.0,0.001,8489.11,7225.0
3,200,280,8462.655,0.003,9557.0825,7897.5,0.017,8802.655,7025.0
5,200,220,8462.28,0.0,9045.665,7405.0,0.001,8482.28,7245.0
3,220,200,8460.48,0.005,9498.1375,8225.0,0.019,8840.48,7300.0
4,190,200,8457.045,0.002,9105.1,7530.0,0.005,8557.045,7370.0
6,210,220,8454.2675,0.0,8973.1,7380.0,0.0,8454.2675,7220.0
3,190,190,8448.67,0.003,9152.855,7585.0,0.008,8608.67,7420.0
6,230,220,8447.8875,0.0,8936.405,7405.0,0.0,8447.8875,7175.0
5,240,210,8444.135,0.0,8961.405,7430.0,0.001,8464.135,7200.0
3,230,200,8435.955,0.005,9473.2625,8200.0,0.019,8815.955,7275.0
4,200,280,8432.7475,0.001,9151.235,7875.0,0.006,8552.7475,7100.0
3,200,190,8423.87,0.003,9127.93,7560.0,0.008,8583.87,7395.0
6,240,220,8422.8875,0.0,8911.405,7380.0,0.0,8422.8875,7150.0
3,190,220,8421.7225,0.005,9434.01,8192.5,0.017,8761.7225,7270.0
5,250,210,8419.16,0.0,8936.405,7405.0,0.001,8439.16,7175.0
4,200,200,8418.085,0.002,9093.455,7580.0,0.007,8558.085,7350.0
6,210,230,8416.0825,0.0,8970.665,7330.0,0.0,8416.0825,7170.0
5,200,230,8412.33,0.0,8997.42,7355.0,0.001,8432.33,7195.0
3,240,200,8411.43,0.005,9448.3875,8175.0,0.019,8791.43,7250.0
3,210,190,8399.07,0.003,9103.005,7535.0,0.008,8559.07,7370.0
7,230,230,8398.685,0.0,8886.405,7355.0,0.0,8398.685,7125.0
6,250,220,8397.8875,0.0,8886.405,7355.0,0.0,8397.8875,7125.0
5,260,210,8394.185,0.0,8911.405,7380.0,0.001,8414.185,7150.0
4,210,200,8393.26,0.002,9068.505,7555.0,0.007,8533.26,7325.0
4,190,210,8389.0125,0.002,9102.765,7480.0,0.006,8509.0125,7260.0
3,250,200,8386.905,0.005,9423.5125,8150.0,0.019,8766.905,7225.0
7,220,230,8380.065,0.0,8898.1,7305.0,0.0,8380.065,7145.0
3,220,190,8374.27,0.003,9078.08,7510.0,0.008,8534.27,7345.0
7,240,230,8373.685,0.0,8861.405,7330.0,0.0,8373.685,7100.0
3,190,230,8372.5725,0.005,9384.26,8142.5,0.017,8712.5725,7220.0
4,220,200,8368.435,0.002,9043.555,7530.0,0.007,8508.435,7300.0
6,210,240,8366.0825,0.0,8922.42,7280.0,0.0,8366.0825,7120.0
3,260,200,8362.38,0.005,9398.6375,8125.0,0.019,8742.38,7200.0
5,200,240,8362.38,0.0,8947.42,7305.0,0.001,8382.38,7145.0
3,230,190,8349.47,0.003,9053.155,7485.0,0.008,8509.47,7320.0
4,230,200,8343.61,0.002,9018.605,7505.0,0.007,8483.61,7275.0
7,220,240,8341.88,0.0,8895.665,7255.0,0.0,8341.88,7095.0
4,190,220,8339.3125,0.002,9054.62,7430.0,0.006,8459.3125,7210.0
3,240,190,8324.67,0.003,9028.23,7460.0,0.008,8484.67,7295.0
8,240,240,8323.685,0.0,8811.405,7280.0,0.0,8323.685,7050.0
3,190,240,8323.4225,0.005,9334.51,8092.5,0.017,8663.4225,7170.0
4,240,200,8318.785,0.002,8993.655,7480.0,0.007,8458.785,7250.0
6,210,250,8316.0825,0.0,8872.42,7230.0,0.0,8316.0825,7070.0
5,200,250,8312.43,0.0,8897.42,7255.0,0.001,8332.43,7095.0
8,230,240,8305.065,0.0,8823.1,7230.0,0.0,8305.065,7070.0
3,250,190,8299.87,0.003,9003.305,7435.0,0.008,8459.87,7270.0
4,250,200,8293.96,0.002,8968.705,7455.0,0.007,8433.96,7225.0
7,220,250,8291.88,0.0,8847.42,7205.0,0.0,8291.88,7045.0
4,190,230,8289.6125,0.002,9004.72,7380.0,0.006,8409.6125,7160.0
3,260,190,8275.07,0.003,8978.38,7410.0,0.008,8435.07,7245.0
3,190,250,8274.2725,0.005,9284.76,8042.5,0.017,8614.2725,7120.0
4,260,200,8269.135,0.002,8943.755,7430.0,0.007,8409.135,7200.0
4,190,190,8268.13,0.001,8729.87,7575.0,0.0,8288.13,7420.0
8,230,250,8266.88,0.0,8820.665,7180.0,0.0,8266.88,7020.0
6,210,260,8266.0825,0.0,8822.42,7180.0,0.0,8266.0825,7020.0
5,200,260,8262.48,0.0,8847.42,7205.0,0.001,8282.48,7045.0
3,270,190,8250.27,0.003,8953.455,7385.0,0.008,8410.27,7220.0
4,200,190,8243.13,0.001,8704.895,7550.0,0.0,8263.13,7395.0
7,220,260,8241.88,0.0,8797.42,7155.0,0.0,8241.88,6995.0
4,190,240,8239.9125,0.002,8954.82,7330.0,0.006,8359.9125,7110.0
3,190,260,8225.1225,0.005,9235.01,7992.5,0.017,8565.1225,7070.0
4,210,190,8218.13,0.001,8679.92,7525.0,0.0,8238.13,7370.0
6,210,270,8216.0825,0.0,8772.42,7130.0,0.0,8216.0825,6970.0
5,200,270,8212.53,0.0,8797.42,7155.0,0.001,8232.53,6995.0
4,220,190,8193.13,0.001,8654.945,7500.0,0.0,8213.13,7345.0
7,220,270,8191.88,0.0,8747.42,7105.0,0.0,8191.88,6945.0
4,190,250,8190.2125,0.002,8904.92,7280.0,0.006,8310.2125,7060.0
5,200,200,8190.125,0.001,8654.945,7500.0,0.001,8210.125,7345.0
3,190,270,8175.9725,0.005,9185.26,7942.5,0.017,8515.9725,7020.0
4,230,190,8168.13,0.001,8629.97,7475.0,0.0,8188.13,7320.0
6,210,280,8166.0825,0.0,8722.42,7080.0,0.0,8166.0825,6920.0
5,210,200,8165.15,0.001,8629.97,7475.0,0.001,8185.15,7320.0
5,200,280,8162.58,0.0,8747.42,7105.0,0.001,8182.58,6945.0
4,240,190,8143.13,0.001,8604.995,7450.0,0.0,8163.13,7295.0
4,190,260,8140.512500000001,0.002,8855.02,7230.0,0.006,8260.5125,7010.0
5,220,200,8140.175,0.001,8604.995,7450.0,0.001,8160.175,7295.0
3,180,190,8130.137500000001,0.003,9163.6375,7605.0,0.019,8510.1375,7380.0
3,190,280,8126.8225,0.005,9135.51,7892.5,0.017,8466.8225,6970.0
5,190,200,8121.215,0.001,8620.865,7525.0,0.001,8141.215,7305.0
4,250,190,8118.13,0.001,8580.02,7425.0,0.0,8138.13,7270.0
6,210,210,8115.2,0.0,8588.91,7425.0,0.001,8135.2,7270.0
5,230,200,8115.2,0.001,8580.02,7425.0,0.001,8135.2,7270.0
4,260,190,8093.13,0.001,8555.045,7400.0,0.0,8113.13,7245.0
3,180,200,8092.9025,0.002,9171.4925,7555.0,0.019,8472.9025,7330.0
4,190,270,8090.8125,0.002,8805.12,7180.0,0.006,8210.8125,6960.0
6,220,210,8090.225,0.0,8563.91,7400.0,0.001,8110.225,7245.0
5,240,200,8090.225,0.001,8555.045,7400.0,0.001,8110.225,7245.0
7,220,220,8069.0275,0.0,8513.91,7350.0,0.0,8069.0275,7195.0
4,270,190,8068.13,0.001,8530.07,7375.0,0.0,8088.13,7220.0
6,230,210,8065.25,0.0,8538.91,7375.0,0.001,8085.25,7220.0
5,250,200,8065.25,0.001,8530.07,7375.0,0.001,8085.25,7220.0
6,200,210,8046.29,0.0,8554.855,7450.0,0.001,8066.29,7230.0
7,230,220,8044.0275,0.0,8488.91,7325.0,0.0,8044.0275,7170.0
3,180,210,8043.852500000001,0.002,9122.43,7505.0,0.019,8423.8525,7280.0
5,190,210,8042.855,0.001,8582.8,7475.0,0.002,8082.855,7255.0
4,190,280,8041.1125,0.002,8755.22,7130.0,0.006,8161.1125,6910.0
6,240,210,8040.275,0.0,8513.91,7350.0,0.001,8060.275,7195.0
5,260,200,8040.275,0.001,8505.095,7350.0,0.001,8060.275,7195.0
7,240,220,8019.0275,0.0,8463.91,7300.0,0.0,8019.0275,7145.0
6,250,210,8015.3,0.0,8488.91,7325.0,0.001,8035.3,7170.0
7,210,220,8000.1425,0.0,8479.855,7375.0,0.0,8000.1425,7160.0
6,200,220,7998.865,0.0,8516.74,7400.0,0.001,8018.865,7180.0
3,180,220,7994.8025,0.002,9072.53,7455.0,0.019,8374.8025,7230.0
8,230,230,7994.0275,0.0,8438.91,7275.0,0.0,7994.0275,7120.0
7,250,220,7994.0275,0.0,8438.91,7275.0,0.0,7994.0275,7120.0
5,190,220,7992.955,0.001,8533.7675,7425.0,0.002,8032.955,7205.0
6,260,210,7990.325,0.0,8463.91,7300.0,0.001,8010.325,7145.0
5,190,190,7984.4825,0.0,8347.075,7510.0,0.0,7984.4825,7355.0
8,240,230,7969.0275,0.0,8413.91,7250.0,0.0,7969.0275,7095.0
5,200,190,7959.4825,0.0,8322.075,7485.0,0.0,7959.4825,7330.0
7,210,230,7952.6675,0.0,8441.74,7325.0,0.0,7952.6675,7110.0
6,200,230,7948.915,0.0,8467.6575,7350.0,0.001,7968.915,7130.0
4,180,190,7947.8375,0.001,8695.79,7600.0,0.01,8147.8375,7385.0
3,180,230,7945.7525000000005,0.002,9022.63,7405.0,0.019,8325.7525,7180.0
5,190,230,7943.055,0.001,8483.8175,7375.0,0.002,7983.055,7155.0
6,190,200,7936.1825,0.0,8297.075,7460.0,0.0,7936.1825,7305.0
5,210,190,7934.4825,0.0,8297.075,7460.0,0.0,7934.4825,7305.0
8,220,230,7925.1425,0.0,8404.855,7300.0,0.0,7925.1425,7085.0
9,240,240,7919.0275,0.0,8363.91,7200.0,0.0,7919.0275,7045.0
6,200,200,7911.1825,0.0,8272.075,7435.0,0.0,7911.1825,7280.0
5,220,190,7909.4825,0.0,8272.075,7435.0,0.0,7909.4825,7280.0
7,210,240,7902.6675,0.0,8392.6575,7275.0,0.0,7902.6675,7060.0
4,180,200,7900.025,0.001,8657.725,7550.0,0.01,8100.025,7335.0
6,200,240,7898.965,0.0,8417.6575,7300.0,0.001,7918.965,7080.0
3,180,240,7896.702499999999,0.002,8972.73,7355.0,0.019,8276.7025,7130.0
5,190,240,7893.155,0.001,8433.8675,7325.0,0.002,7933.155,7105.0
6,190,210,7886.985,0.0,8257.69,7410.0,0.0,7886.985,7255.0
6,210,200,7886.1825,0.0,8247.075,7410.0,0.0,7886.1825,7255.0
5,230,190,7884.4825,0.0,8247.075,7410.0,0.0,7884.4825,7255.0
8,220,240,7877.6675,0.0,8366.74,7250.0,0.0,7877.6675,7035.0
7,200,210,7861.1825,0.0,8222.075,7385.0,0.0,7861.1825,7230.0
6,220,200,7861.1825,0.0,8222.075,7385.0,0.0,7861.1825,7230.0
5,240,190,7859.4825,0.0,8222.075,7385.0,0.0,7859.4825,7230.0
7,210,250,7852.6675,0.0,8342.6575,7225.0,0.0,7852.6675,7010.0
4,180,210,7850.525,0.001,8608.6925,7500.0,0.01,8050.525,7285.0
9,230,240,7850.1425,0.0,8329.855,7225.0,0.0,7850.1425,7010.0
6,200,250,7849.015,0.0,8367.6575,7250.0,0.001,7869.015,7030.0
3,180,250,7847.6525,0.002,8922.83,7305.0,0.019,8227.6525,7080.0
5,190,250,7843.255,0.001,8383.9175,7275.0,0.002,7883.255,7055.0
6,190,220,7836.985,0.0,8207.69,7360.0,0.0,7836.985,7205.0
7,210,210,7836.1825,0.0,8197.075,7360.0,0.0,7836.1825,7205.0
6,230,200,7836.1825,0.0,8197.075,7360.0,0.0,7836.1825,7205.0
5,250,190,7834.4825,0.0,8197.075,7360.0,0.0,7834.4825,7205.0
8,220,250,7827.6675,0.0,8317.6575,7200.0,0.0,7827.6675,6985.0
7,200,220,7811.985,0.0,8182.69,7335.0,0.0,7811.985,7180.0
7,220,210,7811.1825,0.0,8172.075,7335.0,0.0,7811.1825,7180.0
6,240,200,7811.1825,0.0,8172.075,7335.0,0.0,7811.1825,7180.0
5,260,190,7809.4825,0.0,8172.075,7335.0,0.0,7809.4825,7180.0
7,210,260,7802.6675,0.0,8292.6575,7175.0,0.0,7802.6675,6960.0
9,230,250,7802.6675,0.0,8291.74,7175.0,0.0,7802.6675,6960.0
4,180,220,7801.025,0.001,8558.7425,7450.0,0.01,8001.025,7235.0
6,200,260,7799.065,0.0,8317.6575,7200.0,0.001,7819.065,6980.0
3,180,260,7798.6025,0.002,8872.93,7255.0,0.019,8178.6025,7030.0
5,190,260,7793.355,0.001,8333.9675,7225.0,0.002,7833.355,7005.0
6,190,230,7786.985,0.0,8157.69,7310.0,0.0,7786.985,7155.0
8,210,220,7786.1825,0.0,8147.075,7310.0,0.0,7786.1825,7155.0
7,230,210,7786.1825,0.0,8147.075,7310.0,0.0,7786.1825,7155.0
6,250,200,7786.1825,0.0,8147.075,7310.0,0.0,7786.1825,7155.0
5,270,190,7784.4825,0.0,8147.075,7310.0,0.0,7784.4825,7155.0
8,220,260,7777.6675,0.0,8267.6575,7150.0,0.0,7777.6675,6935.0
7,200,230,7761.985,0.0,8132.69,7285.0,0.0,7761.985,7130.0
8,220,220,7761.1825,0.0,8122.075,7285.0,0.0,7761.1825,7130.0
7,240,210,7761.1825,0.0,8122.075,7285.0,0.0,7761.1825,7130.0
6,260,200,7761.1825,0.0,8122.075,7285.0,0.0,7761.1825,7130.0
7,210,270,7752.6675,0.0,8242.6575,7125.0,0.0,7752.6675,6910.0
4,180,230,7751.525,0.001,8508.7925,7400.0,0.01,7951.525,7185.0
3,180,270,7749.5525,0.002,8823.03,7205.0,0.019,8129.5525,6980.0
6,200,270,7749.115,0.0,8267.6575,7150.0,0.001,7769.115,6930.0
6,190,190,7747.6325,0.0,8037.3,7510.0,0.001,7767.6325,7355.0
5,190,270,7743.455,0.001,8284.0175,7175.0,0.002,7783.455,6955.0
3,180,180,7742.8025,0.005,8767.2775,7650.0,0.022,8182.8025,7425.0
5,180,190,7737.2375,0.0,8372.075,7535.0,0.01,7937.2375,7380.0
6,190,240,7736.985,0.0,8107.69,7260.0,0.0,7736.985,7105.0
8,210,230,7736.985,0.0,8107.69,7260.0,0.0,7736.985,7105.0
8,230,220,7736.1825,0.0,8097.075,7260.0,0.0,7736.1825,7105.0
7,250,210,7736.1825,0.0,8097.075,7260.0,0.0,7736.1825,7105.0
8,220,270,7727.6675,0.0,8217.6575,7100.0,0.0,7727.6675,6885.0
7,190,200,7726.61,0.0,7987.3,7460.0,0.0,7726.61,7305.0
6,200,190,7722.6575,0.0,8012.3,7485.0,0.001,7742.6575,7330.0
3,190,180,7718.3525,0.005,8742.4025,7625.0,0.022,8158.3525,7400.0
7,200,240,7711.985,0.0,8082.69,7235.0,0.0,7711.985,7080.0
9,220,230,7711.1825,0.0,8072.075,7235.0,0.0,7711.1825,7080.0
8,240,220,7711.1825,0.0,8072.075,7235.0,0.0,7711.1825,7080.0
7,260,210,7711.1825,0.0,8072.075,7235.0,0.0,7711.1825,7080.0
7,210,280,7702.6675,0.0,8192.6575,7075.0,0.0,7702.6675,6860.0
4,180,240,7702.025,0.001,8458.8425,7350.0,0.01,7902.025,7135.0
7,200,200,7701.61,0.0,7962.3,7435.0,0.0,7701.61,7280.0
3,180,280,7700.5025,0.002,8773.13,7155.0,0.019,8080.5025,6930.0
6,200,280,7699.165,0.0,8217.6575,7100.0,0.001,7719.165,6880.0
6,210,190,7697.6825,0.0,7987.3,7460.0,0.001,7717.6825,7305.0
3,200,180,7693.9025,0.005,8717.5275,7600.0,0.022,8133.9025,7375.0
5,190,280,7693.555,0.001,8234.0675,7125.0,0.002,7733.555,6905.0
5,180,200,7688.54,0.0,8332.69,7485.0,0.01,7888.54,7330.0
6,190,250,7686.985,0.0,8057.69,7210.0,0.0,7686.985,7055.0
8,210,240,7686.985,0.0,8057.69,7210.0,0.0,7686.985,7055.0
9,230,230,7686.1825,0.0,8047.075,7210.0,0.0,7686.1825,7055.0
8,250,220,7686.1825,0.0,8047.075,7210.0,0.0,7686.1825,7055.0
7,190,210,7679.96,0.0,7950.3025,7410.0,0.0,7679.96,7255.0
7,210,200,7676.61,0.0,7937.3,7410.0,0.0,7676.61,7255.0
7,190,190,7674.135,0.0,7846.64,7510.0,0.0,7674.135,7355.0
6,220,190,7672.7075,0.0,7962.3,7435.0,0.001,7692.7075,7280.0
4,180,180,7671.6975,0.002,8405.525,7585.0,0.014,7951.6975,7430.0
3,210,180,7669.4525,0.005,8692.6525,7575.0,0.022,8109.4525,7350.0
7,200,250,7661.985,0.0,8032.69,7185.0,0.0,7661.985,7030.0
9,220,240,7661.985,0.0,8032.69,7185.0,0.0,7661.985,7030.0
9,240,230,7661.1825,0.0,8022.075,7185.0,0.0,7661.1825,7030.0
4,180,250,7652.525,0.001,8408.8925,7300.0,0.01,7852.525,7085.0
8,200,210,7651.61,0.0,7912.3,7385.0,0.0,7651.61,7230.0
7,220,200,7651.61,0.0,7912.3,7385.0,0.0,7651.61,7230.0
7,200,190,7649.135,0.0,7821.64,7485.0,0.0,7649.135,7330.0
8,190,190,7648.92,0.0,7768.0675,7510.0,0.0,7648.92,7355.0
6,230,190,7647.7325,0.0,7937.3,7410.0,0.001,7667.7325,7255.0
4,190,180,7647.0475,0.002,8380.575,7560.0,0.014,7927.0475,7405.0
9,190,190,7645.49,0.0,7751.66,7510.0,0.0,7645.49,7355.0
3,220,180,7645.0025,0.005,8667.7775,7550.0,0.022,8085.0025,7325.0
5,180,210,7639.04,0.0,8282.69,7435.0,0.01,7839.04,7280.0
6,190,260,7636.985,0.0,8007.69,7160.0,0.0,7636.985,7005.0
8,210,250,7636.985,0.0,8007.69,7160.0,0.0,7636.985,7005.0
7,190,220,7629.96,0.0,7900.3025,7360.0,0.0,7629.96,7205.0
8,210,210,7626.61,0.0,7887.3,7360.0,0.0,7626.61,7205.0
7,230,200,7626.61,0.0,7887.3,7360.0,0.0,7626.61,7205.0
8,190,200,7624.135,0.0,7796.64,7460.0,0.0,7624.135,7305.0
7,210,190,7624.135,0.0,7796.64,7460.0,0.0,7624.135,7305.0
8,200,190,7623.92,0.0,7743.0675,7485.0,0.0,7623.92,7330.0
6,240,190,7622.7575,0.0,7912.3,7385.0,0.001,7642.7575,7230.0
4,200,180,7622.3975,0.002,8355.625,7535.0,0.014,7902.3975,7380.0
3,230,180,7620.5525,0.005,8642.9025,7525.0,0.022,8060.5525,7300.0
9,200,190,7620.49,0.0,7726.66,7485.0,0.0,7620.49,7330.0
7,200,260,7611.985,0.0,7982.69,7135.0,0.0,7611.985,6980.0
9,220,250,7611.985,0.0,7982.69,7135.0,0.0,7611.985,6980.0
8,200,220,7604.96,0.0,7875.3025,7335.0,0.0,7604.96,7180.0
4,180,260,7603.025,0.001,8358.9425,7250.0,0.01,7803.025,7035.0
8,220,210,7601.61,0.0,7862.3,7335.0,0.0,7601.61,7180.0
7,240,200,7601.61,0.0,7862.3,7335.0,0.0,7601.61,7180.0
8,200,200,7599.135,0.0,7771.64,7435.0,0.0,7599.135,7280.0
7,220,190,7599.135,0.0,7771.64,7435.0,0.0,7599.135,7280.0
9,190,200,7598.92,0.0,7718.0675,7460.0,0.0,7598.92,7305.0
8,210,190,7598.92,0.0,7718.0675,7460.0,0.0,7598.92,7305.0
6,250,190,7597.7825,0.0,7887.3,7360.0,0.001,7617.7825,7205.0
4,210,180,7597.7475,0.002,8330.675,7510.0,0.014,7877.7475,7355.0
3,240,180,7596.1025,0.005,8618.0275,7500.0,0.022,8036.1025,7275.0
9,210,190,7595.49,0.0,7701.66,7460.0,0.0,7595.49,7305.0
5,180,220,7589.54,0.0,8232.69,7385.0,0.01,7789.54,7230.0
6,190,270,7586.985,0.0,7957.69,7110.0,0.0,7586.985,6955.0
8,210,260,7586.985,0.0,7957.69,7110.0,0.0,7586.985,6955.0
7,190,230,7579.96,0.0,7850.3025,7310.0,0.0,7579.96,7155.0
9,210,220,7576.61,0.0,7837.3,7310.0,0.0,7576.61,7155.0
8,230,210,7576.61,0.0,7837.3,7310.0,0.0,7576.61,7155.0
7,250,200,7576.61,0.0,7837.3,7310.0,0.0,7576.61,7155.0
8,190,210,7574.135,0.0,7746.64,7410.0,0.0,7574.135,7255.0
8,210,200,7574.135,0.0,7746.64,7410.0,0.0,7574.135,7255.0
7,230,190,7574.135,0.0,7746.64,7410.0,0.0,7574.135,7255.0
9,200,200,7573.92,0.0,7693.0675,7435.0,0.0,7573.92,7280.0
8,220,190,7573.92,0.0,7693.0675,7435.0,0.0,7573.92,7280.0
4,220,180,7573.0975,0.002,8305.725,7485.0,0.014,7853.0975,7330.0
6,260,190,7572.8075,0.0,7862.3,7335.0,0.001,7592.8075,7180.0
3,250,180,7571.6525,0.005,8593.1525,7475.0,0.022,8011.6525,7250.0
9,220,190,7570.49,0.0,7676.66,7435.0,0.0,7570.49,7280.0
7,200,270,7561.985,0.0,7932.69,7085.0,0.0,7561.985,6930.0
9,220,260,7561.985,0.0,7932.69,7085.0,0.0,7561.985,6930.0
8,200,230,7554.96,0.0,7825.3025,7285.0,0.0,7554.96,7130.0
4,180,270,7553.525,0.001,8308.9925,7200.0,0.01,7753.525,6985.0
9,220,220,7551.61,0.0,7812.3,7285.0,0.0,7551.61,7130.0
8,240,210,7551.61,0.0,7812.3,7285.0,0.0,7551.61,7130.0
7,260,200,7551.61,0.0,7812.3,7285.0,0.0,7551.61,7130.0
9,200,210,7549.135,0.0,7721.64,7385.0,0.0,7549.135,7230.0
8,220,200,7549.135,0.0,7721.64,7385.0,0.0,7549.135,7230.0
7,240,190,7549.135,0.0,7721.64,7385.0,0.0,7549.135,7230.0
9,190,210,7548.92,0.0,7668.0675,7410.0,0.0,7548.92,7255.0
9,210,200,7548.92,0.0,7668.0675,7410.0,0.0,7548.92,7255.0
8,230,190,7548.92,0.0,7668.0675,7410.0,0.0,7548.92,7255.0
4,230,180,7548.4475,0.002,8280.775,7460.0,0.014,7828.4475,7305.0
6,270,190,7547.8325,0.0,7837.3,7310.0,0.001,7567.8325,7155.0
3,260,180,7547.2025,0.005,8568.2775,7450.0,0.022,7987.2025,7225.0
9,230,190,7545.49,0.0,7651.66,7410.0,0.0,7545.49,7255.0
5,180,230,7540.04,0.0,8182.69,7335.0,0.01,7740.04,7180.0
6,190,280,7536.985,0.0,7907.69,7060.0,0.0,7536.985,6905.0
8,210,270,7536.985,0.0,7907.69,7060.0,0.0,7536.985,6905.0
7,190,240,7529.96,0.0,7800.3025,7260.0,0.0,7529.96,7105.0
9,210,230,7529.96,0.0,7800.3025,7260.0,0.0,7529.96,7105.0
9,230,220,7526.61,0.0,7787.3,7260.0,0.0,7526.61,7105.0
8,250,210,7526.61,0.0,7787.3,7260.0,0.0,7526.61,7105.0
8,190,220,7524.135,0.0,7696.64,7360.0,0.0,7524.135,7205.0
9,210,210,7524.135,0.0,7696.64,7360.0,0.0,7524.135,7205.0
8,230,200,7524.135,0.0,7696.64,7360.0,0.0,7524.135,7205.0
7,250,190,7524.135,0.0,7696.64,7360.0,0.0,7524.135,7205.0
9,220,200,7523.92,0.0,7643.0675,7385.0,0.0,7523.92,7230.0
8,240,190,7523.92,0.0,7643.0675,7385.0,0.0,7523.92,7230.0
4,240,180,7523.7975,0.002,8255.825,7435.0,0.014,7803.7975,7280.0
3,270,180,7522.7525,0.005,8543.4025,7425.0,0.022,7962.7525,7200.0
5,180,180,7522.5325,0.0,8112.3,7585.0,0.012,7762.5325,7430.0
9,240,190,7520.49,0.0,7626.66,7385.0,0.0,7520.49,7230.0
7,200,280,7511.985,0.0,7882.69,7035.0,0.0,7511.985,6880.0
9,220,270,7511.985,0.0,7882.69,7035.0,0.0,7511.985,6880.0
8,200,240,7504.96,0.0,7775.3025,7235.0,0.0,7504.96,7080.0
4,180,280,7504.025,0.001,8259.0425,7150.0,0.01,7704.025,6935.0
9,240,220,7501.61,0.0,7762.3,7235.0,0.0,7501.61,7080.0
8,260,210,7501.61,0.0,7762.3,7235.0,0.0,7501.61,7080.0
6,180,190,7500.3625,0.0,8062.3,7535.0,0.011,7720.3625,7380.0
4,250,180,7499.1475,0.002,8230.875,7410.0,0.014,7779.1475,7255.0
9,200,220,7499.135,0.0,7671.64,7335.0,0.0,7499.135,7180.0
9,220,210,7499.135,0.0,7671.64,7335.0,0.0,7499.135,7180.0
8,240,200,7499.135,0.0,7671.64,7335.0,0.0,7499.135,7180.0
7,260,190,7499.135,0.0,7671.64,7335.0,0.0,7499.135,7180.0
9,190,220,7498.92,0.0,7618.0675,7360.0,0.0,7498.92,7205.0
9,230,200,7498.92,0.0,7618.0675,7360.0,0.0,7498.92,7205.0
8,250,190,7498.92,0.0,7618.0675,7360.0,0.0,7498.92,7205.0
3,280,180,7498.3025,0.005,8518.5275,7400.0,0.022,7938.3025,7175.0
5,190,180,7497.8325,0.0,8087.3,7560.0,0.012,7737.8325,7405.0
9,250,190,7495.49,0.0,7601.66,7360.0,0.0,7495.49,7205.0
5,180,240,7490.54,0.0,8132.69,7285.0,0.01,7690.54,7130.0
8,210,280,7486.985,0.0,7857.69,7010.0,0.0,7486.985,6855.0
7,190,250,7479.96,0.0,7750.3025,7210.0,0.0,7479.96,7055.0
9,210,240,7479.96,0.0,7750.3025,7210.0,0.0,7479.96,7055.0
9,250,220,7476.61,0.0,7737.3,7210.0,0.0,7476.61,7055.0
4,260,180,7474.4975,0.002,8205.925,7385.0,0.014,7754.4975,7230.0
8,190,230,7474.135,0.0,7646.64,7310.0,0.0,7474.135,7155.0
9,230,210,7474.135,0.0,7646.64,7310.0,0.0,7474.135,7155.0
8,250,200,7474.135,0.0,7646.64,7310.0,0.0,7474.135,7155.0
7,270,190,7474.135,0.0,7646.64,7310.0,0.0,7474.135,7155.0
9,240,200,7473.92,0.0,7593.0675,7335.0,0.0,7473.92,7180.0
8,260,190,7473.92,0.0,7593.0675,7335.0,0.0,7473.92,7180.0
5,200,180,7473.1325,0.0,8062.3,7535.0,0.012,7713.1325,7380.0
9,260,190,7470.49,0.0,7576.66,7335.0,0.0,7470.49,7180.0
8,200,250,7454.96,0.0,7725.3025,7185.0,0.0,7454.96,7030.0
6,180,200,7454.2625,0.0,8025.3025,7485.0,0.011,7674.2625,7330.0
4,270,180,7449.8475,0.002,8180.975,7360.0,0.014,7729.8475,7205.0
9,200,230,7449.135,0.0,7621.64,7285.0,0.0,7449.135,7130.0
9,240,210,7449.135,0.0,7621.64,7285.0,0.0,7449.135,7130.0
8,260,200,7449.135,0.0,7621.64,7285.0,0.0,7449.135,7130.0
6,180,180,7449.11,0.0,7921.64,7585.0,0.011,7669.11,7430.0
9,190,230,7448.92,0.0,7568.0675,7310.0,0.0,7448.92,7155.0
9,250,200,7448.92,0.0,7568.0675,7310.0,0.0,7448.92,7155.0
8,270,190,7448.92,0.0,7568.0675,7310.0,0.0,7448.92,7155.0
5,210,180,7448.4325,0.0,8037.3,7510.0,0.012,7688.4325,7355.0
9,270,190,7445.49,0.0,7551.66,7310.0,0.0,7445.49,7155.0
5,180,250,7441.04,0.0,8082.69,7235.0,0.01,7641.04,7080.0
7,190,260,7429.96,0.0,7700.3025,7160.0,0.0,7429.96,7005.0
9,210,250,7429.96,0.0,7700.3025,7160.0,0.0,7429.96,7005.0
7,180,190,7426.89,0.0,7871.64,7535.0,0.01,7626.89,7380.0
4,280,180,7425.1975,0.002,8156.025,7335.0,0.014,7705.1975,7180.0
6,190,180,7424.385,0.0,7896.64,7560.0,0.011,7644.385,7405.0
8,190,240,7424.135,0.0,7596.64,7260.0,0.0,7424.135,7105.0
9,250,210,7424.135,0.0,7596.64,7260.0,0.0,7424.135,7105.0
9,260,200,7423.92,0.0,7543.0675,7285.0,0.0,7423.92,7130.0
7,180,180,7423.895,0.0,7843.0675,7585.0,0.011,7643.895,7430.0
5,220,180,7423.7325,0.0,8012.3,7485.0,0.012,7663.7325,7330.0
8,180,180,7420.465,0.0,7826.66,7585.0,0.011,7640.465,7430.0
9,180,180,7420.465,0.0,7826.66,7585.0,0.011,7640.465,7430.0
8,200,260,7404.96,0.0,7675.3025,7135.0,0.0,7404.96,6980.0
6,180,210,7404.8125,0.0,7975.3025,7435.0,0.011,7624.8125,7280.0
8,180,190,7401.675,0.0,7793.0675,7535.0,0.01,7601.675,7380.0
6,200,180,7399.66,0.0,7871.64,7535.0,0.011,7619.66,7380.0
7,190,180,7399.17,0.0,7818.0675,7560.0,0.011,7619.17,7405.0
9,200,240,7399.135,0.0,7571.64,7235.0,0.0,7399.135,7080.0
9,260,210,7399.135,0.0,7571.64,7235.0,0.0,7399.135,7080.0
5,230,180,7399.0325,0.0,7987.3,7460.0,0.012,7639.0325,7305.0
9,190,240,7398.92,0.0,7518.0675,7260.0,0.0,7398.92,7105.0
9,180,190,7398.245,0.0,7776.66,7535.0,0.01,7598.245,7380.0
8,190,180,7395.74,0.0,7801.66,7560.0,0.011,7615.74,7405.0
9,190,180,7395.74,0.0,7801.66,7560.0,0.011,7615.74,7405.0
5,180,260,7391.54,0.0,8032.69,7185.0,0.01,7591.54,7030.0
7,190,270,7379.96,0.0,7650.3025,7110.0,0.0,7379.96,6955.0
9,210,260,7379.96,0.0,7650.3025,7110.0,0.0,7379.96,6955.0
7,180,200,7377.39,0.0,7821.64,7485.0,0.01,7577.39,7330.0
6,210,180,7374.935,0.0,7846.64,7510.0,0.011,7594.935,7355.0
7,200,180,7374.445,0.0,7793.0675,7535.0,0.011,7594.445,7380.0
5,240,180,7374.3325,0.0,7962.3,7435.0,0.012,7614.3325,7280.0
8,190,250,7374.135,0.0,7546.64,7210.0,0.0,7374.135,7055.0
8,200,180,7371.015,0.0,7776.66,7535.0,0.011,7591.015,7380.0
9,200,180,7371.015,0.0,7776.66,7535.0,0.011,7591.015,7380.0
6,180,220,7355.3625,0.0,7925.3025,7385.0,0.011,7575.3625,7230.0
8,200,270,7354.96,0.0,7625.3025,7085.0,0.0,7354.96,6930.0
8,180,200,7352.175,0.0,7743.0675,7485.0,0.01,7552.175,7330.0
6,220,180,7350.21,0.0,7821.64,7485.0,0.011,7570.21,7330.0
7,210,180,7349.72,0.0,7768.0675,7510.0,0.011,7569.72,7355.0
5,250,180,7349.6325,0.0,7937.3,7410.0,0.012,7589.6325,7255.0
9,200,250,7349.135,0.0,7521.64,7185.0,0.0,7349.135,7030.0
9,190,250,7348.92,0.0,7468.0675,7210.0,0.0,7348.92,7055.0
9,180,200,7348.745,0.0,7726.66,7485.0,0.01,7548.745,7330.0
8,210,180,7346.29,0.0,7751.66,7510.0,0.011,7566.29,7355.0
9,210,180,7346.29,0.0,7751.66,7510.0,0.011,7566.29,7355.0
5,180,270,7342.04,0.0,7982.69,7135.0,0.01,7542.04,6980.0
7,190,280,7329.96,0.0,7600.3025,7060.0,0.0,7329.96,6905.0
9,210,270,7329.96,0.0,7600.3025,7060.0,0.0,7329.96,6905.0
7,180,210,7327.89,0.0,7771.64,7435.0,0.01,7527.89,7280.0
6,230,180,7325.485,0.0,7796.64,7460.0,0.011,7545.485,7305.0
7,220,180,7324.995,0.0,7743.0675,7485.0,0.011,7544.995,7330.0
5,260,180,7324.9325,0.0,7912.3,7385.0,0.012,7564.9325,7230.0
8,190,260,7324.135,0.0,7496.64,7160.0,0.0,7324.135,7005.0
8,220,180,7321.565,0.0,7726.66,7485.0,0.011,7541.565,7330.0
9,220,180,7321.565,0.0,7726.66,7485.0,0.011,7541.565,7330.0
6,180,230,7305.9125,0.0,7875.3025,7335.0,0.011,7525.9125,7180.0
8,200,280,7304.96,0.0,7575.3025,7035.0,0.0,7304.96,6880.0
8,180,210,7302.675,0.0,7693.0675,7435.0,0.01,7502.675,7280.0
6,240,180,7300.76,0.0,7771.64,7435.0,0.011,7520.76,7280.0
7,230,180,7300.27,0.0,7718.0675,7460.0,0.011,7520.27,7305.0
5,270,180,7300.2325,0.0,7887.3,7360.0,0.012,7540.2325,7205.0
9,180,210,7299.245,0.0,7676.66,7435.0,0.01,7499.245,7280.0
9,200,260,7299.135,0.0,7471.64,7135.0,0.0,7299.135,6980.0
9,190,260,7298.92,0.0,7418.0675,7160.0,0.0,7298.92,7005.0
8,230,180,7296.84,0.0,7701.66,7460.0,0.011,7516.84,7305.0
9,230,180,7296.84,0.0,7701.66,7460.0,0.011,7516.84,7305.0
5,180,280,7292.54,0.0,7932.69,7085.0,0.01,7492.54,6930.0
9,210,280,7279.96,0.0,7550.3025,7010.0,0.0,7279.96,6855.0
7,180,220,7278.39,0.0,7721.64,7385.0,0.01,7478.39,7230.0
6,250,180,7276.035,0.0,7746.64,7410.0,0.011,7496.035,7255.0
7,240,180,7275.545,0.0,7693.0675,7435.0,0.011,7495.545,7280.0
5,280,180,7275.5325,0.0,7862.3,7335.0,0.012,7515.5325,7180.0
8,190,270,7274.135,0.0,7446.64,7110.0,0.0,7274.135,6955.0
8,240,180,7272.115,0.0,7676.66,7435.0,0.011,7492.115,7280.0
9,240,180,7272.115,0.0,7676.66,7435.0,0.011,7492.115,7280.0
6,180,240,7256.4625,0.0,7825.3025,7285.0,0.011,7476.4625,7130.0
8,180,220,7253.175,0.0,7643.0675,7385.0,0.01,7453.175,7230.0
6,260,180,7251.31,0.0,7721.64,7385.0,0.011,7471.31,7230.0
7,250,180,7250.82,0.0,7668.0675,7410.0,0.011,7470.82,7255.0
9,180,220,7249.745,0.0,7626.66,7385.0,0.01,7449.745,7230.0
9,200,270,7249.135,0.0,7421.64,7085.0,0.0,7249.135,6930.0
9,190,270,7248.92,0.0,7368.0675,7110.0,0.0,7248.92,6955.0
8,250,180,7247.39,0.0,7651.66,7410.0,0.011,7467.39,7255.0
9,250,180,7247.39,0.0,7651.66,7410.0,0.011,7467.39,7255.0
7,180,230,7228.89,0.0,7671.64,7335.0,0.01,7428.89,7180.0
6,270,180,7226.585,0.0,7696.64,7360.0,0.011,7446.585,7205.0
7,260,180,7226.095,0.0,7643.0675,7385.0,0.011,7446.095,7230.0
8,190,280,7224.135,0.0,7396.64,7060.0,0.0,7224.135,6905.0
8,260,180,7222.665,0.0,7626.66,7385.0,0.011,7442.665,7230.0
9,260,180,7222.665,0.0,7626.66,7385.0,0.011,7442.665,7230.0
6,180,250,7207.0125,0.0,7775.3025,7235.0,0.011,7427.0125,7080.0
8,180,230,7203.675,0.0,7593.0675,7335.0,0.01,7403.675,7180.0
6,280,180,7201.86,0.0,7671.64,7335.0,0.011,7421.86,7180.0
7,270,180,7201.37,0.0,7618.0675,7360.0,0.011,7421.37,7205.0
9,180,230,7200.245,0.0,7576.66,7335.0,0.01,7400.245,7180.0
9,200,280,7199.135,0.0,7371.64,7035.0,0.0,7199.135,6880.0
9,190,280,7198.92,0.0,7318.0675,7060.0,0.0,7198.92,6905.0
8,270,180,7197.94,0.0,7601.66,7360.0,0.011,7417.94,7205.0
9,270,180,7197.94,0.0,7601.66,7360.0,0.011,7417.94,7205.0
7,180,240,7179.39,0.0,7621.64,7285.0,0.01,7379.39,7130.0
7,280,180,7176.645,0.0,7593.0675,7335.0,0.011,7396.645,7180.0
8,280,180,7173.215,0.0,7576.66,7335.0,0.011,7393.215,7180.0
9,280,180,7173.215,0.0,7576.66,7335.0,0.011,7393.215,7180.0
6,180,260,7157.5625,0.0,7725.3025,7185.0,0.011,7377.5625,7030.0
8,180,240,7154.175,0.0,7543.0675,7285.0,0.01,7354.175,7130.0
9,180,240,7150.745,0.0,7526.66,7285.0,0.01,7350.745,7130.0
7,180,250,7129.89,0.0,7571.64,7235.0,0.01,7329.89,7080.0
6,180,270,7108.1125,0.0,7675.3025,7135.0,0.011,7328.1125,6980.0
8,180,250,7104.675,0.0,7493.0675,7235.0,0.01,7304.675,7080.0
9,180,250,7101.245,0.0,7476.66,7235.0,0.01,7301.245,7080.0
7,180,260,7080.39,0.0,7521.64,7185.0,0.01,7280.39,7030.0
6,180,280,7058.6625,0.0,7625.3025,7085.0,0.011,7278.6625,6930.0
8,180,260,7055.175,0.0,7443.0675,7185.0,0.01,7255.175,7030.0
9,180,260,7051.745,0.0,7426.66,7185.0,0.01,7251.745,7030.0
7,180,270,7030.89,0.0,7471.64,7135.0,0.01,7230.89,6980.0
8,180,270,7005.675,0.0,7393.0675,7135.0,0.01,7205.675,6980.0
9,180,270,7002.245,0.0,7376.66,7135.0,0.01,7202.245,6980.0
7,180,280,6981.39,0.0,7421.64,7085.0,0.01,7181.39,6930.0
8,180,280,6956.175,0.0,7343.0675,7085.0,0.01,7156.175,6930.0
9,180,280,6952.745,0.0,7326.66,7085.0,0.01,7152.745,6930.0
